name,startDate,endDate
Assessment 1,2024-01-10,2024-01-20
Assessment 2,2024-02-10,2024-02-20
Assessment 3,2024-03-10,2024-03-20
Assessment 4,2024-04-10,2024-04-20
Assessment 5,2024-05-10,2024-05-20
Assessment 6,2024-06-10,2024-06-20
Assessment 7,2024-07-10,2024-07-20
Assessment 8,2024-08-10,2024-08-20
Assessment 9,2024-09-10,2024-09-20
Assessment 10,2024-01-10,2024-01-20
Assessment 11,2024-02-10,2024-02-20
Assessment 12,2024-03-10,2024-03-20
Assessment 13,2024-04-10,2024-04-20
Assessment 14,2024-05-10,2024-05-20
Assessment 15,2024-06-10,2024-06-20
Assessment 16,2024-07-10,2024-07-20
Assessment 17,2024-08-10,2024-08-20
Assessment 18,2024-09-10,2024-09-20
Assessment 19,2024-01-10,2024-01-20
Assessment 20,2024-02-10,2024-02-20
Assessment 21,2024-03-10,2024-03-20
Assessment 22,2024-04-10,2024-04-20
Assessment 23,2024-05-10,2024-05-20
Assessment 24,2024-06-10,2024-06-20
Assessment 25,2024-07-10,2024-07-20
Assessment 26,2024-08-10,2024-08-20
Assessment 27,2024-09-10,2024-09-20
Assessment 28,2024-01-10,2024-01-20
Assessment 29,2024-02-10,2024-02-20
Assessment 30,2024-03-10,2024-03-20
Assessment 31,2024-04-10,2024-04-20
Assessment 32,2024-05-10,2024-05-20
Assessment 33,2024-06-10,2024-06-20
Assessment 34,2024-07-10,2024-07-20
Assessment 35,2024-08-10,2024-08-20
Assessment 36,2024-09-10,2024-09-20
Assessment 37,2024-01-10,2024-01-20
Assessment 38,2024-02-10,2024-02-20
Assessment 39,2024-03-10,2024-03-20
Assessment 40,2024-04-10,2024-04-20
Assessment 41,2024-05-10,2024-05-20
Assessment 42,2024-06-10,2024-06-20
Assessment 43,2024-07-10,2024-07-20
Assessment 44,2024-08-10,2024-08-20
Assessment 45,2024-09-10,2024-09-20
Assessment 46,2024-01-10,2024-01-20
Assessment 47,2024-02-10,2024-02-20
Assessment 48,2024-03-10,2024-03-20
Assessment 49,2024-04-10,2024-04-20
Assessment 50,2024-05-10,2024-05-20
Assessment 51,2024-06-10,2024-06-20
Assessment 52,2024-07-10,2024-07-20
Assessment 53,2024-08-10,2024-08-20
Assessment 54,2024-09-10,2024-09-20
Assessment 55,2024-01-10,2024-01-20
Assessment 56,2024-02-10,2024-02-20
Assessment 57,2024-03-10,2024-03-20
Assessment 58,2024-04-10,2024-04-20
Assessment 59,2024-05-10,2024-05-20
Assessment 60,2024-06-10,2024-06-20
Assessment 61,2024-07-10,2024-07-20
Assessment 62,2024-08-10,2024-08-20
Assessment 63,2024-09-10,2024-09-20
Assessment 64,2024-01-10,2024-01-20
Assessment 65,2024-02-10,2024-02-20
Assessment 66,2024-03-10,2024-03-20
Assessment 67,2024-04-10,2024-04-20
Assessment 68,2024-05-10,2024-05-20
Assessment 69,2024-06-10,2024-06-20
Assessment 70,2024-07-10,2024-07-20
Assessment 71,2024-08-10,2024-08-20
Assessment 72,2024-09-10,2024-09-20
Assessment 73,2024-01-10,2024-01-20
Assessment 74,2024-02-10,2024-02-20
Assessment 75,2024-03-10,2024-03-20
Assessment 76,2024-04-10,2024-04-20
Assessment 77,2024-05-10,2024-05-20
Assessment 78,2024-06-10,2024-06-20
Assessment 79,2024-07-10,2024-07-20
Assessment 80,2024-08-10,2024-08-20
Assessment 81,2024-09-10,2024-09-20
Assessment 82,2024-01-10,2024-01-20
Assessment 83,2024-02-10,2024-02-20
Assessment 84,2024-03-10,2024-03-20
Assessment 85,2024-04-10,2024-04-20
Assessment 86,2024-05-10,2024-05-20
Assessment 87,2024-06-10,2024-06-20
Assessment 88,2024-07-10,2024-07-20
Assessment 89,2024-08-10,2024-08-20
Assessment 90,2024-09-10,2024-09-20
Assessment 91,2024-01-10,2024-01-20
Assessment 92,2024-02-10,2024-02-20
Assessment 93,2024-03-10,2024-03-20
Assessment 94,2024-04-10,2024-04-20
Assessment 95,2024-05-10,2024-05-20
Assessment 96,2024-06-10,2024-06-20
Assessment 97,2024-07-10,2024-07-20
Assessment 98,2024-08-10,2024-08-20
Assessment 99,2024-09-10,2024-09-20
Assessment 100,2024-01-10,2024-01-20